gyroscope ,,,
Timestamp (ms) , x-gyro (deg/s), y-gyro (deg/s), z-gyro (deg/s) 
1485644719834,22.37805,14.695123,-11.95122
1485644719840,20.121952,12.804878,-12.621951
1485644719843,17.682928,10.853659,-13.109756
1485644719849,15.426829,9.268292,-13.719513
1485644719852,13.292684,8.109756,-14.085366
1485644719858,11.8902445,7.256098,-14.02439
1485644719862,11.097561,7.1341467,-13.963415
1485644719868,11.341464,7.865854,-13.719513
1485644719872,12.621951,8.963415,-13.292684
1485644719878,14.02439,10.609756,-13.170732
1485644719883,15.792684,12.682927,-13.170732
1485644719887,18.170732,15.365854,-12.682927
1485644719893,20.914635,18.04878,-11.768293
1485644719897,24.024391,20.792683,-11.402439
1485644719903,26.890245,23.47561,-11.95122
1485644719908,29.573172,25.914635,-13.170732
1485644719913,31.890245,28.109756,-13.841464
1485644719918,34.02439,29.817074,-14.634147
1485644719922,35.487804,31.280489,-15.914635
1485644719928,36.585365,32.682926,-17.621952
1485644719933,37.865856,33.841465,-20.182928
1485644719938,38.90244,35,-21.158537
1485644719943,39.390244,36.036587,-20.54878
1485644719949,39.390244,36.463417,-19.390244
1485644719953,38.963417,36.219513,-18.231709
1485644719957,37.621952,35.609756,-18.841463
1485644719963,36.341465,35,-20.914635
1485644719968,34.817074,33.841465,-24.512196
1485644719974,32.621952,32.621952,-28.04878
1485644719979,29.390245,31.341465,-28.47561
1485644719985,25.792683,29.45122,-27.256098
1485644719988,23.292683,27.682928,-26.40244
1485644719993,22.439024,27.134148,-26.95122
1485644719998,22.37805,28.04878,-27.37805
1485644720003,21.707317,29.207317,-27.439026
1485644720009,21.09756,30,-27.195122
1485644720013,21.341463,30.54878,-26.82927
1485644720019,22.012196,31.768293,-26.40244
1485644720023,22.865854,33.65854,-25.54878
1485644720029,23.59756,35.365856,-24.268293
1485644720037,21.890244,35.060978,-22.804878
1485644720038,16.95122,31.768293,-22.012196
1485644720045,11.097561,28.414635,-20.54878
1485644720048,9.878049,25.97561,-20.487804
1485644720054,11.585366,27.865854,-20
1485644720059,17.439024,32.317074,-17.92683
1485644720064,23.536587,37.80488,-15.914635
1485644720069,27.439026,42.80488,-14.634147
1485644720073,30.731709,45.792683,-12.743903
1485644720079,33.292683,46.341465,-10.914635
1485644720083,35.609756,46.15854,-9.512196
1485644720089,37.439026,47.5,-8.719512
1485644720094,38.65854,49.69512,-8.231708
1485644720098,38.841465,49.817074,-7.256098
1485644720104,37.92683,48.65854,-6.2195125
1485644720108,36.036587,47.073174,-5.487805
1485644720114,32.80488,45.365856,-4.9390244
1485644720119,28.90244,43.780487,-4.512195
1485644720124,25.853659,41.52439,-4.3292685
1485644720132,23.47561,39.512196,-3.9634147
1485644720135,20.853659,37.5,-4.085366
1485644720139,20.243902,35.85366,-4.4512196
1485644720143,20.609756,36.341465,-4.8170733
1485644720149,19.573172,37.317074,-5.121951
1485644720154,21.40244,36.036587,-5.121951
1485644720160,23.841463,35.30488,-5.304878
1485644720164,24.695122,34.817074,-5.304878
1485644720170,24.390244,33.841465,-5.182927
1485644720174,25,32.317074,-5
1485644720182,26.40244,31.09756,-4.8170733
1485644720184,26.707317,30,-4.8170733
1485644720190,25.792683,28.536587,-5.2439027
1485644720195,24.207317,26.40244,-5.792683
1485644720199,22.317074,23.414635,-6.9512196
1485644720205,19.512196,19.695122,-8.170732
1485644720209,15.54878,16.280489,-9.268292
1485644720214,11.402439,13.231708,-10.182927
1485644720220,7.5,9.573171,-11.341464
1485644720224,3.8414636,6.585366,-12.865854
1485644720230,0.24390244,3.7804878,-14.268293
1485644720234,-2.804878,1.402439,-14.939025
1485644720240,-5.182927,-0.36585367,-15.304878
1485644720245,-7.4390244,-1.7682927,-16.036585
1485644720249,-9.329268,-3.2317073,-17.134148
1485644720255,-10.609756,-4.4512196,-18.414635
1485644720259,-11.52439,-5.365854,-20.54878
1485644720265,-12.012196,-6.0365853,-23.231709
1485644720271,-12.134147,-6.4634147,-26.036587
1485644720275,-11.768293,-6.8292685,-28.780489
1485644720280,-10.853659,-6.646342,-31.40244
1485644720284,-10,-6.2195125,-31.95122
1485644720290,-8.841464,-5,-28.658537
1485644720294,-6.4634147,-3.0487804,-21.463415
1485644720300,-3.2317073,-1.097561,-13.231708
1485644720305,0.24390244,0.4878049,-6.9512196
1485644720310,4.5731707,1.9512196,-0.85365856
1485644720315,9.3902445,4.512195,6.3414636
1485644720319,14.02439,7.012195,14.146341
1485644720328,18.170732,9.512196,18.90244
1485644720330,20.97561,12.378049,20.914635
1485644720337,23.90244,14.939025,22.134148
1485644720340,27.012196,18.780489,21.82927
1485644720346,30.609756,23.353659,20.304878
1485644720350,35.243904,28.59756,18.59756
1485644720356,41.09756,35.060978,16.09756
1485644720360,47.682926,42.560978,10.853659
1485644720365,53.59756,50.121952,7.7439027
1485644720371,57.92683,56.09756,2.5
1485644720375,60.42683,59.87805,-3.0487804
1485644720381,61.52439,61.52439,-9.45122
1485644720385,62.92683,60.975613,-16.158537
1485644720391,63.65854,56.463417,-21.463415
1485644720395,51.646343,47.621952,-25.54878
1485644720400,31.82927,35.73171,-29.939026
1485644720406,12.743903,24.024391,-36.036587
1485644720410,-6.4634147,12.926829,-41.280487
1485644720416,-22.134148,1.6463414,-46.280487
1485644720420,-35.97561,-8.04878,-51.28049
1485644720426,-47.317074,-16.40244,-56.219513
1485644720431,-54.817074,-20.42683,-60.060978
1485644720435,-63.109756,-22.317074,-64.14634
1485644720441,-70.85366,-23.963415,-67.07317
1485644720445,-76.95122,-24.87805,-69.57317
1485644720451,-80.060974,-25.731709,-71.21951
1485644720455,-77.98781,-27.073172,-72.80488
1485644720461,-71.768295,-21.219513,-74.939026
1485644720466,-64.32927,-13.780488,-75.914635
1485644720473,-55.548782,-5.609756,-76.097565
1485644720476,-45.914635,2.804878,-76.46342
1485644720480,-34.45122,11.463415,-76.95122
1485644720486,-22.256098,20.853659,-76.82927
1485644720491,-10.243902,29.695122,-77.0122
1485644720496,-0.30487806,37.682926,-76.28049
1485644720501,8.414635,45.30488,-74.20732
1485644720505,18.353659,54.7561,-71.768295
1485644720511,26.40244,63.414635,-66.585365
1485644720516,34.32927,70.67073,-59.817074
1485644720523,40.548782,76.34147,-53.170734
1485644720526,45.121952,81.21951,-48.35366
1485644720532,47.682926,84.02439,-44.268295
1485644720536,48.90244,86.46342,-42.987804
1485644720540,49.085365,87.5,-43.780487
1485644720546,49.02439,87.256096,-48.170734
1485644720551,47.682926,86.21951,-50.243904
1485644720557,46.707317,86.34147,-47.682926
1485644720561,45.548782,86.585365,-31.524391
1485644720567,43.65854,86.34147,-11.8902445
1485644720571,42.5,87.743904,-0.73170733
1485644720576,42.073174,89.81708,8.597561
1485644720581,42.19512,92.439026,11.52439
1485644720586,42.743904,95.67073,12.195122
1485644720592,43.841465,98.90244,10.426829
1485644720596,45.914635,101.585365,5.365854
1485644720602,47.621952,104.5122,-11.097561
1485644720606,49.512196,106.40244,-33.47561
1485644720612,51.40244,107.439026,-57.560978
1485644720617,53.23171,107.621956,-82.560974
1485644720621,55.548782,106.70732,-105.18293
1485644720628,58.414635,101.34147,-120
1485644720631,58.963417,92.2561,-128.59756
1485644720637,59.32927,80.60976,-135.67073
1485644720642,63.048782,71.64634,-143.2317
1485644720647,69.39024,62.98781,-150.54878
1485644720652,73.90244,69.085365,-154.81708
1485644720656,75.67073,105.121956,-159.7561
1485644720662,80.60976,130.91464,-160.48781
1485644720666,81.585365,135.97562,-162.07318
1485644720672,76.64635,132.92683,-162.68294
1485644720677,72.86585,118.04878,-161.7683
1485644720683,67.19512,94.451225,-162.07318
1485644720687,53.109756,74.69512,-162.68294
1485644720691,38.048782,59.207317,-160.7317
1485644720697,18.841463,40.182926,-163.17073
1485644720702,-8.963415,27.621952,-163.10976
1485644720707,-33.963417,19.817074,-157.37805
1485644720712,-51.768295,11.95122,-153.47562
1485644720718,-64.085365,10.304878,-145
1485644720722,-69.756096,16.09756,-136.64635
1485644720726,-69.5122,24.45122,-125.426834
1485644720732,-65.48781,32.682926,-110.36586
1485644720737,-61.219513,41.219513,-96.585365
1485644720743,-61.707317,51.219513,-87.5
1485644720747,-58.65854,61.463417,-77.07317
1485644720753,-57.19512,66.15854,-60.85366
1485644720759,-51.95122,67.5,-46.09756
1485644720762,-46.036587,68.90244,-33.414635
1485644720767,-40.670734,72.5,-19.390244
1485644720772,-36.15854,75.85366,-6.7073174
1485644720778,-30,76.64635,4.2073174
1485644720782,-26.219513,80.426834,11.219512
1485644720788,-19.32927,85.79269,0.06097561
1485644720792,-9.939025,85.60976,-16.646341
1485644720797,2.5,85.73171,-17.073172
1485644720803,12.743903,90.30488,-5.670732
1485644720807,24.512196,93.53659,5.182927
1485644720814,34.634148,93.17073,11.219512
1485644720817,47.317074,88.53659,15.853659
1485644720825,53.170734,89.57317,20.365854
1485644720828,54.512196,87.86585,23.231709
1485644720832,53.59756,86.52439,24.695122
1485644720838,51.585365,77.80488,24.268293
1485644720842,42.682926,65.426834,23.59756
1485644720848,34.02439,55.85366,22.439024
1485644720852,27.073172,45.670734,21.40244
1485644720858,22.743902,35.792683,20.853659
1485644720863,18.170732,28.719513,19.512196
1485644720867,18.90244,20.914635,15.97561
1485644720873,17.439024,17.5,12.317074
1485644720877,14.573171,20.54878,8.109756
1485644720883,-4.756098,32.439026,5.609756
1485644720888,-17.92683,29.32927,5.792683
1485644720893,-20.487804,10.670732,8.841464
1485644720898,-27.804878,-7.378049,13.536586
1485644720904,-33.963417,-19.512196,19.45122
1485644720908,-42.073174,-27.987806,24.573172
1485644720913,-55.365856,-31.768293,28.292683
1485644720918,-71.03659,-29.024391,33.292683
1485644720923,-85.54878,-25.060976,37.682926
1485644720929,-95.60976,-21.524391,40.97561
1485644720933,-101.097565,-20.365854,42.682926
1485644720939,-103.90244,-20.54878,44.45122
1485644720943,-102.98781,-22.560976,49.268295
1485644720948,-99.20732,-23.841463,54.634148
1485644720954,-95,-24.024391,58.414635
1485644720961,-91.951225,-24.146341,63.90244
1485644720964,-90.18293,-26.524391,68.29269
1485644720968,-87.19512,-29.573172,70.97561
1485644720973,-83.90244,-32.439026,75.060974
1485644720978,-75.60976,-32.621952,78.04878
1485644720983,-60.670734,-30.609756,81.52439
1485644720989,-38.109756,-27.134148,85.060974
1485644720993,-12.256098,-22.134148,86.951225
1485644720999,13.536586,-15.182927,90
1485644721003,37.80488,-9.3902445,90.67073
1485644721011,57.560978,-3.902439,92.0122
1485644721014,76.097565,2.4390244,93.78049
1485644721019,91.585365,6.7073174,95.060974
1485644721024,99.69512,8.292683,95.30488
1485644721028,103.17073,8.719512,95.36585
1485644721034,106.03659,5.670732,95.48781
1485644721038,106.585365,4.4512196,97.31708
1485644721044,109.14635,5,100.48781
1485644721049,111.951225,3.4146342,100.79269
1485644721053,115.243904,1.9512196,98.10976
1485644721059,119.87805,1.8902439,91.951225
1485644721063,120.67074,-0.5487805,87.439026
1485644721069,121.82927,-0.91463417,84.87805
1485644721074,119.63415,1.402439,81.95122
1485644721080,118.29269,3.5365853,79.939026
1485644721084,114.268295,4.6951222,78.35366
1485644721088,107.743904,5.914634,74.39024
1485644721094,103.23171,5.121951,72.256096
1485644721100,97.926834,-2.0731707,70.914635
1485644721106,92.2561,-10.426829,69.87805
1485644721109,86.28049,-22.804878,68.53659
1485644721115,79.87805,-35.365856,65.48781
1485644721119,75.18293,-46.52439,62.439026
1485644721123,70.426834,-57.5,58.841465
1485644721129,64.87805,-67.19512,58.170734
1485644721134,58.414635,-77.256096,62.92683
1485644721140,50.060978,-83.23171,71.34147
1485644721144,41.280487,-85.060974,89.57317
1485644721150,36.585365,-82.98781,118.597565
1485644721157,33.719513,-79.45122,139.2683
1485644721159,29.268293,-73.597565,146.95122
1485644721166,24.512196,-65.243904,148.35367
1485644721169,20.42683,-56.40244,146.40244
1485644721175,14.146341,-47.134148,143.35367
1485644721179,8.719512,-39.878048,140
1485644721185,-0.18292683,-31.158537,136.70732
1485644721189,-11.036586,-21.82927,131.40244
1485644721195,-18.963415,-15.060976,124.268295
1485644721200,-26.219513,-14.085366,117.56098
1485644721204,-33.47561,-13.597561,110.54878
1485644721210,-41.280487,-16.341463,106.21951
1485644721214,-48.841465,-15.243903,101.28049
1485644721220,-50.73171,-14.085366,99.268295
1485644721225,-51.768295,-10.121951,101.34147
1485644721230,-49.32927,-4.268293,122.68293
1485644721235,-47.560978,-5.4268293,-6.585366
1485644721239,-37.987804,-17.195122,-84.69512
1485644721245,-16.82927,-35.792683,-0.9756098
1485644721249,-5.182927,-56.82927,29.32927
1485644721255,-18.963415,-71.768295,51.82927
1485644721260,-39.512196,-82.86585,40.30488
1485644721264,-57.012196,-94.5122,4.3292685
1485644721270,-72.07317,-100.73171,-26.40244
1485644721274,-84.57317,-104.268295,-34.02439
1485644721280,-92.560974,-107.13415,-19.512196
1485644721285,-94.939026,-111.64635,-2.8658538
1485644721290,-92.13415,-116.34147,5.2439027
1485644721295,-82.80488,-119.63415,7.804878
1485644721302,-69.63415,-117.743904,14.512196
1485644721305,-52.439026,-106.89024,16.341463
1485644721311,-38.109756,-91.64635,17.195122
1485644721315,-29.32927,-74.939026,20.609756
1485644721320,-21.463415,-57.37805,24.573172
1485644721326,-23.780489,-31.158537,30.914635
1485644721330,68.35366,-18.719513,40.42683
1485644721336,111.34147,-18.59756,47.317074
1485644721340,22.195122,6.280488,9.146341
1485644721345,5.7317076,21.524391,-9.3902445
1485644721351,-20.060976,12.012196,27.134148
1485644721355,-54.390244,-8.47561,47.19512
1485644721361,-61.82927,-35.914635,23.59756
1485644721365,-62.98781,-67.560974,9.146341
1485644721371,-73.597565,-75,3.2317073
1485644721375,-80.36585,-74.5122,-14.695123
1485644721380,-83.65854,-65.85366,-20.792683
1485644721386,-81.46342,-58.90244,-20.670732
1485644721392,-72.256096,-51.585365,-18.170732
1485644721396,-64.14634,-40.97561,-16.09756
1485644721400,-52.439026,-32.134148,-14.45122
1485644721406,-38.170734,-22.987806,-6.9512196
1485644721411,-23.658537,-11.097561,-3.902439
1485644721415,-8.841464,-1.1585366,-0.12195122
1485644721421,3.7195122,4.756098,0.73170733
1485644721425,10.609756,5.7317076,3.1097562
1485644721431,13.109756,5,1.2195122
1485644721435,40.060978,-37.19512,2.682927
1485644721441,34.939026,-38.719513,5.487805
1485644721449,-19.87805,-21.768293,4.5731707
1485644721450,-33.292683,-47.560978,5.8536587
1485644721456,-46.463417,-70.85366,2.0731707
1485644721460,-55.30488,-73.78049,-8.414635
1485644721466,-53.414635,-53.59756,1.8902439
1485644721471,-51.95122,-31.280489,5.182927
1485644721476,-30.914635,-11.341464,-7.012195
1485644721481,-10.914635,-2.012195,-10.487805
1485644721485,-1.7073171,0.79268295,-1.9512196
1485644721491,-0.06097561,-3.5365853,-7.256098
1485644721498,-11.219512,-9.146341,-3.6585367
1485644721501,-17.439024,-10.670732,9.207317
1485644721507,-23.59756,-16.585365,-5.5487804
1485644721512,-30.182928,-19.573172,-10.853659
1485644721516,-35.85366,-23.47561,21.280489
1485644721522,-34.02439,-25.487806,21.219513
1485644721526,-32.378048,-29.390245,-21.341463
1485644721531,-32.560978,-28.719513,-31.341465
1485644721537,-24.146341,-30.792685,1.5853659
1485644721541,-14.817074,-30.487806,25.853659
1485644721547,-5.97561,-25.609756,24.207317
1485644721551,9.146341,-25.97561,23.59756
1485644721556,12.865854,-20.182928,35.42683
1485644721561,23.536587,0.30487806,33.719513
1485644721566,49.573174,-1.9512196,25.304878
1485644721572,57.987804,3.6585367,25
1485644721576,60.548782,24.512196,15.487805
1485644721582,72.5,34.268295,7.1341467
1485644721588,78.35366,33.963417,4.878049
1485644721592,76.585365,49.634148,-6.7073174
1485644721597,91.28049,50.121952,-7.1341467
1485644721604,83.17073,37.317074,-10
1485644721607,57.5,68.84147,-12.804878
1485644721611,114.085365,150.60976,-3.5365853
1485644721617,145.42683,137.56097,-20.42683
1485644721621,61.28049,98.17073,-32.682926
1485644721627,28.109756,79.57317,-65
1485644721632,21.036587,77.743904,-62.317074
1485644721636,53.90244,61.09756,-46.82927
1485644721642,40.548782,45.30488,-44.268295
1485644721646,57.5,54.817074,-54.207317
1485644721652,88.96342,69.45122,-28.170732
1485644721657,91.40244,75.85366,39.268295
1485644721663,100.36585,80.97561,66.64634
1485644721667,117.68293,91.03659,114.87805
1485644721671,127.37805,114.268295,211.5244
1485644721677,148.65854,142.5,277.07318
1485644721682,168.41464,157.2561,284.08536
1485644721687,187.43903,175.67073,368.17075
1485644721692,209.5122,193.78049,416.2805
1485644721698,248.41464,200.36586,441.7683
1485644721702,232.98781,230.85367,475.91464
1485644721706,280,240.24391,485
1485644721712,316.09756,270.36584,475.5488
1485644721717,329.87805,307.13416,500.60977
1485644721723,338.65854,338.65854,485.91464
1485644721727,352.56097,370.36588,449.63416
1485644721733,401.82928,381.4634,464.81708
1485644721740,432.68292,396.89026,443.90244
1485644721742,443.23172,383.90244,430
1485644721747,450.48782,350.97562,408.5366
1485644721752,443.7195,329.2683,351.15854
1485644721758,411.5854,262.37805,269.7561
1485644721762,364.02438,173.41464,182.31708
1485644721768,301.40244,111.64635,112.98781
1485644721772,262.2561,54.512196,45.30488
1485644721777,214.93903,-53.048782,-7.987805
1485644721783,179.63416,-120.426834,-63.35366
1485644721790,115.30488,-156.09756,-116.40244
1485644721793,86.951225,-267.62195,-172.37805
1485644721799,82.560974,-334.14636,-221.09756
1485644721803,56.95122,-379.87805,-240.18294
1485644721808,38.170734,-451.2805,-233.84148
1485644721813,-26.09756,-534.5122,-214.32927
1485644721818,-134.7561,-640.8537,-191.58537
1485644721822,-263.17075,-839.45123,-175.12195
1485644721828,-392.86588,-981.8293,-156.21951
1485644721832,-528.2317,-1127.561,-136.34146
1485644721838,-737.8049,-1295.8536,-116.64635
1485644721843,-819.39026,-1409.5732,-104.39024
1485644721849,-855.8537,-1461.7074,-105.85366
1485644721853,-864.14636,-1471.4635,-118.17074
1485644721857,-822.1951,-1453.9025,-128.59756
1485644721863,-781.95123,-1402.8049,7.7439027
1485644721868,-732.62195,-1334.7561,88.47561
1485644721873,-632.2561,-1245.5488,-69.39024
1485644721879,-523.2317,-1133.9025,-148.78049
1485644721884,-429.81708,-996.5244,-124.32927
1485644721888,-315.73172,-849.3293,-80.060974
1485644721892,-170.18294,-703.5976,-68.23171
1485644721898,-28.47561,-571.40247,-47.317074
1485644721903,81.34147,-481.15854,-39.02439
1485644721909,139.2683,-447.37805,-38.414635
1485644721913,119.81708,-449.45123,-14.146341
1485644721919,61.219513,-471.7683,33.841465
1485644721923,-5.121951,-499.57318,77.80488
1485644721929,-79.45122,-526.15857,104.57317
1485644721936,-147.98781,-547.0732,121.70732
1485644721938,-199.5122,-555.73175,137.5
1485644721944,-230.30489,-551.40247,151.7683
1485644721948,-234.81708,-532.13416,166.03659
1485644721954,-222.74391,-496.46344,179.7561
1485644721958,-140.85367,-407.98782,193.65854
1485644721963,181.15854,-117.07317,208.47562
1485644721969,209.14635,139.93903,222.31708
1485644721973,269.63416,146.70732,234.0244
1485644721979,231.7683,58.414635,244.14635
1485644721986,40.121952,1.9512196,251.82927
1485644721989,-53.292683,-44.573174,262.19513
1485644721995,-5.121951,-33.35366,271.09756
1485644721998,17.134148,-7.5609756,277.2561
1485644722004,24.87805,1.5853659,281.2195
1485644722008,-5.365854,-16.646341,286.52438
1485644722014,-52.92683,-54.390244,292.62195
1485644722018,-69.69512,-70.36585,299.63416
1485644722024,-56.341465,-47.37805,306.5854
1485644722029,-23.47561,-17.37805,311.7683
1485644722033,5.0609756,5.182927,313.65854
1485644722039,20.670732,18.963415,312.31708
1485644722043,30.792685,26.95122,308.59756
1485644722049,31.09756,29.32927,302.92685
1485644722054,24.634148,27.804878,296.2805
1485644722059,15.121951,24.817074,289.14636
1485644722064,0.24390244,17.5,280.42685
1485644722070,-24.085367,5.5487804,271.40244
1485644722074,-53.78049,-11.158537,260.5488
1485644722081,-79.939026,-28.292683,247.62196
1485644722084,-97.743904,-35.365856,257.37805
1485644722089,-106.64635,-33.59756,271.09756
1485644722095,-105.36585,-25.42683,159.45122
1485644722099,-96.52439,-10.426829,171.34146
1485644722105,-82.926834,10.97561,19.207317
1485644722109,-66.46342,35.487804,-15.304878
1485644722114,-49.939026,57.012196,47.682926
1485644722120,-36.82927,73.90244,75.48781
1485644722124,-26.40244,87.98781,108.90244
1485644722133,-19.817074,100.06098,107.07317
1485644722134,-15.97561,112.19512,90.54878
1485644722142,-14.756098,122.5,84.756096
1485644722144,-18.109756,129.32927,87.13415
1485644722150,-25.487806,132.62195,92.31708
1485644722155,-33.963417,134.57318,98.47561
1485644722159,-42.560978,136.64635,103.10976
1485644722165,-47.80488,141.7683,104.268295
1485644722169,-50.365856,148.96342,105.30488
1485644722175,-52.439026,155.30489,108.04878
1485644722180,-54.02439,156.5244,111.03659
1485644722184,50.975613,194.2683,112.68293
1485644722190,259.08536,284.08536,113.597565
1485644722194,119.20732,464.7561,114.02439
1485644722200,60.365856,386.2805,113.597565
1485644722205,67.80488,295.2439,113.10976
1485644722210,-4.390244,261.0366,112.80488
1485644722215,-35.73171,224.69513,112.86586
1485644722221,-8.902439,187.62195,113.96342
1485644722225,-4.8170733,187.86586,114.451225
1485644722229,-18.841463,195.06097,114.69512
1485644722235,-16.95122,197.62195,114.02439
1485644722240,-19.45122,190.18294,112.621956
1485644722246,-23.719513,185.12195,110.914635
1485644722250,-25.609756,181.7683,109.5122
1485644722254,-26.95122,176.7683,107.926834
1485644722260,-34.878048,170.36586,106.46342
1485644722265,-45.975613,162.92683,105.60976
1485644722270,-53.841465,154.14635,106.585365
1485644722278,-61.768295,144.87805,107.2561
1485644722281,-66.768295,137.5,107.439026
1485644722287,-66.89024,132.98781,108.23171
1485644722289,-63.65854,130.97562,108.90244
1485644722295,-59.45122,129.45122,106.82927
1485644722300,-54.146343,128.10976,104.69512
1485644722306,-45.182926,128.78049,104.39024
1485644722310,-32.19512,131.03659,105.54878
1485644722316,-16.219513,134.32927,107.68293
1485644722320,0.12195122,137.13416,109.14635
1485644722325,16.219513,139.63416,109.939026
1485644722330,31.280489,142.37805,111.768295
1485644722335,46.646343,146.58537,141.46342
1485644722341,62.92683,151.5244,4.085366
1485644722345,79.32927,157.62195,38.109756
1485644722351,95.060974,163.41464,88.10976
1485644722355,108.414635,165.06097,-25.487806
1485644722360,119.14635,165.48781,-70.060974
1485644722367,128.53659,167.2561,-40.97561
1485644722370,137.13416,167.31708,-50.73171
1485644722376,146.21951,170.7927,-77.256096
1485644722380,154.93903,178.71951,-49.87805
1485644722386,161.95122,186.15854,-54.085365
1485644722391,163.78049,187.68294,-66.03659
1485644722396,161.70732,185.60976,-58.475613
1485644722401,156.70732,179.0244,-47.012196
1485644722405,150.79268,169.32927,-43.475613
1485644722411,146.95122,157.74391,-36.585365
1485644722417,143.41464,145.24391,-29.756098
1485644722423,139.69513,135.79268,-30.365854
1485644722426,138.10976,127.56098,-43.35366
1485644722432,145.54878,130.67073,-33.59756
1485644722436,227.68294,94.5122,-30.609756
1485644722440,265.85367,105.06098,-68.53659
1485644722446,271.2805,230.97562,-55.30488
1485644722451,245.42683,242.5,-39.512196
1485644722456,278.41464,191.70732,-43.963417
1485644722461,274.63416,192.5,-45.42683
1485644722467,251.7683,202.98781,-47.987804
1485644722474,242.2561,174.93903,-61.40244
1485644722476,244.57318,159.87805,-75.60976
1485644722483,218.59756,138.65854,-85.54878
1485644722486,207.92683,127.743904,-91.768295
1485644722492,173.2927,112.98781,-93.53659
1485644722496,159.69513,105.48781,-89.5122
1485644722502,140.30489,94.939026,-77.68293
1485644722506,133.53659,92.2561,-56.341465
1485644722512,127.743904,91.951225,-28.47561
1485644722517,135.18292,95.67073,0.12195122
1485644722521,155.7317,98.53659,21.524391
1485644722527,177.37805,108.23171,38.536587
1485644722531,215.97562,130.12195,51.15854
1485644722537,256.34146,128.71951,58.170734
1485644722541,290.2439,151.21951,61.40244
1485644722546,294.45123,174.45122,60.73171
1485644722552,294.81708,195.91464,64.939026
1485644722556,290.18292,208.59756,68.35366
1485644722562,277.62195,212.13416,71.28049
1485644722569,257.56097,203.96342,75.121956
1485644722572,227.13416,195.91464,75.060974
1485644722577,192.80489,189.93903,70.36585
1485644722581,159.63416,178.10976,62.37805
1485644722587,123.78049,168.90245,54.817074
1485644722591,93.17073,162.01219,48.35366
1485644722597,74.45122,157.86586,43.475613
1485644722601,56.09756,157.43903,40.365856
1485644722607,42.743904,154.2683,36.768295
1485644722612,33.35366,146.82927,30.97561
1485644722619,27.256098,133.2317,26.158537
1485644722622,22.92683,120.06098,21.707317
1485644722628,22.195122,111.768295,16.95122
1485644722632,20.792683,107.19512,10.487805
1485644722637,17.621952,104.02439,3.902439
1485644722642,15.243903,89.69512,-2.5609756
1485644722647,12.012196,70.54878,-8.414635
1485644722651,6.9512196,47.743904,-12.256098
1485644722657,0.6097561,25.609756,-15.6707325
1485644722662,-9.45122,7.987805,-21.341463
1485644722667,-19.695122,-6.890244,-26.95122
1485644722672,-32.134148,-18.170732,-31.463415
1485644722678,-46.036587,-25.54878,-36.707317
1485644722682,-58.719513,-29.146341,-42.439026
1485644722688,-70.30488,-29.085367,-48.963417
1485644722692,-80.914635,-24.512196,-54.7561
1485644722697,-90.243904,-16.280489,-60.975613
1485644722703,-97.31708,-5.0609756,-65.79269
1485644722708,-101.64635,7.4390244,-70.18293
1485644722714,-101.097565,19.87805,-73.78049
1485644722717,-96.82927,32.2561,-75.18293
1485644722723,-90.426834,45.243904,-75.73171
1485644722727,-81.52439,57.560978,-74.939026
1485644722732,-70,67.743904,-74.45122
1485644722738,-56.341465,74.63415,-77.0122
1485644722742,-40.97561,79.45122,-80.914635
1485644722748,-23.658537,83.23171,-86.52439
1485644722752,-4.756098,83.47561,-92.5
1485644722758,14.695123,78.90244,-98.71951
1485644722766,33.47561,74.756096,-105.06098
1485644722767,51.28049,71.82927,-109.451225
1485644722774,67.86585,69.20732,-113.10976
1485644722777,81.585365,68.29269,-118.35366
1485644722783,91.82927,68.47561,-120.48781
1485644722788,98.47561,70.243904,-122.31708
1485644722793,102.98781,71.768295,-124.20732
1485644722798,106.15854,75.426834,-123.23171
1485644722802,107.743904,78.65854,-121.28049
1485644722808,108.47561,80.060974,-120.121956
1485644722812,107.743904,80.54878,-118.78049
1485644722818,106.21951,78.90244,-119.32927
1485644722823,103.96342,75.67073,-121.097565
1485644722829,100.54878,71.82927,-121.21951
1485644722833,94.5122,67.19512,-121.951225
1485644722837,88.10976,61.219513,-124.63415
1485644722843,80.48781,55.73171,-128.2317
1485644722848,74.939026,50.487804,-129.14635
1485644722853,69.756096,45.73171,-128.84146
1485644722858,65.48781,42.073174,-127.86586
1485644722864,60.914635,40.670734,-129.14635
1485644722868,56.28049,40.365856,-129.0244
1485644722872,50.121952,39.268295,-128.10976
1485644722878,44.69512,35.792683,-129.32927
1485644722883,40.365856,32.560978,-127.37805
1485644722889,35.73171,26.40244,-123.71951
1485644722893,34.085365,19.146341,-119.69512
1485644722899,31.890245,12.621951,-115.30488
1485644722903,28.658537,5.670732,-108.78049
1485644722911,25.243902,-0.85365856,-103.10976
1485644722913,22.987806,-8.963415,-95.060974
1485644722918,21.463415,-17.621952,-86.34147
1485644722924,21.40244,-24.085367,-80.60976
1485644722928,21.890244,-29.32927,-74.39024
1485644722934,23.47561,-31.768293,-66.768295
1485644722938,25.97561,-33.414635,-62.621952
1485644722944,33.23171,-36.341465,-62.317074
1485644722949,40.30488,-36.707317,-59.390244
1485644722953,48.35366,-37.012196,-57.317074
1485644722960,55.85366,-37.621952,-54.7561
1485644722963,60.670734,-35.121952,-53.65854
1485644722969,65.67073,-33.35366,-50.060978
1485644722974,69.02439,-33.048782,-44.207317
1485644722978,70.73171,-31.890245,-37.865856
1485644722984,72.13415,-29.32927,-33.47561
1485644722988,74.02439,-29.390245,-36.646343
1485644722994,74.57317,-30.365854,-52.743904
1485644722998,74.20732,-34.085365,-69.32927
1485644723004,73.78049,-40.121952,-77.0122
1485644723009,71.28049,-43.59756,-80.48781
1485644723015,68.78049,-50.42683,-81.585365
1485644723019,64.756096,-60.487804,-78.65854
1485644723023,57.80488,-63.475613,-73.17073
1485644723029,51.09756,-61.463417,-69.39024
1485644723034,46.09756,-61.15854,-65.60976
1485644723039,43.841465,-64.02439,-62.80488
1485644723044,42.19512,-63.78049,-62.98781
1485644723050,41.95122,-63.292683,-64.756096
1485644723057,43.048782,-63.292683,-67.86585
1485644723059,45,-64.14634,-67.0122
1485644723064,46.707317,-63.23171,-63.963417
1485644723069,49.207317,-62.98781,-60.73171
1485644723075,52.012196,-63.35366,-56.82927
1485644723079,53.536587,-62.073174,-54.512196
1485644723085,48.719513,-55.670734,-52.80488
1485644723089,33.65854,-41.341465,-51.15854
1485644723094,20.97561,-24.756098,-49.390244
1485644723102,16.768293,-13.04878,-47.2561
1485644723107,14.085366,-7.0731707,-43.65854
1485644723108,11.402439,-3.9634147,-39.939026
1485644723116,8.47561,-3.5975611,-37.07317
